max_depth,train_mean,val_mean,val_std
2,0.29851375,0.29851,0.0015167893723256394
4,0.57036625,0.570145,0.00282428752077405
6,0.7049575000000001,0.7037549999999999,0.001405560386465122
8,0.8190474999999999,0.8170149999999999,0.001454957044039461
10,0.89544625,0.8914300000000001,0.0015399188290296608
12,0.94422,0.9377550000000001,0.002211526622041899
15,0.9842774999999999,0.9751000000000001,0.0012600595224035982
18,0.9932337500000001,0.98199,0.0015213973839861721
20,0.9955187500000001,0.98383,0.0006779380502671505
25,0.99825,0.98583,0.0005395368384086284
30,0.9993587500000001,0.986665,0.0002909467305195472
