,pred_1,pred_2,pred_3,pred_4,pred_5,pred_6,pred_7,pred_12,pred_13,pred_16,pred_17,pred_24
true_1,26048,821,710,271,0,239,156,0,0,219,101,0
true_2,945,19905,1439,177,0,51,313,0,0,151,5086,0
true_3,1083,1432,17484,3155,0,66,355,1,0,1239,3538,0
true_4,26,12,1000,24808,0,351,2888,280,202,4685,245,5
true_5,39,14,129,755,8111,321,1682,707,821,106,105,1526
true_6,20,154,8,751,79,19260,1479,154,1755,816,67,37
true_7,82,376,151,2974,788,2312,16831,1893,835,1394,231,13
true_12,12,25,690,3018,1228,209,1463,6972,1331,2417,250,35
true_13,110,98,1042,1527,1152,2912,1371,3026,2157,1712,568,37
true_16,253,235,2776,2697,0,72,590,1793,1148,13808,2630,0
true_17,586,2609,2674,239,0,601,205,1,46,1748,26710,0
true_24,0,0,0,121,2567,337,631,155,84,0,0,3272
